{
  "firstLayout": "",
  "gdVersion": {
    "build": 98,
    "major": 4,
    "minor": 0,
    "revision": 0
  },
  "properties": {
    "adMobAppId": "",
    "adaptGameResolutionAtRuntime": true,
    "folderProject": false,
    "linuxExecutableFilename": "",
    "macExecutableFilename": "",
    "orientation": "landscape",
    "packageName": "com.example.gamename",
    "projectFile": "C:\\Users\\Unekwu\\Documents\\GDevelop projects\\My project531\\game.json",
    "scaleMode": "linear",
    "sizeOnStartupMode": "adaptWidth",
    "useExternalSourceFiles": false,
    "version": "1.0.0",
    "winExecutableFilename": "",
    "winExecutableIconFile": "",
    "name": "Cannon ball",
    "author": "THE GEM TUTORIALS",
    "windowWidth": 854,
    "windowHeight": 480,
    "latestCompilationDirectory": "",
    "maxFPS": 60,
    "minFPS": 20,
    "verticalSync": false,
    "platformSpecificAssets": {},
    "loadingScreen": {
      "showGDevelopSplash": true
    },
    "extensions": [
      {
        "name": "BuiltinObject"
      },
      {
        "name": "BuiltinAudio"
      },
      {
        "name": "BuiltinVariables"
      },
      {
        "name": "BuiltinTime"
      },
      {
        "name": "BuiltinMouse"
      },
      {
        "name": "BuiltinKeyboard"
      },
      {
        "name": "BuiltinJoystick"
      },
      {
        "name": "BuiltinCamera"
      },
      {
        "name": "BuiltinWindow"
      },
      {
        "name": "BuiltinFile"
      },
      {
        "name": "BuiltinNetwork"
      },
      {
        "name": "BuiltinScene"
      },
      {
        "name": "BuiltinAdvanced"
      },
      {
        "name": "Sprite"
      },
      {
        "name": "BuiltinCommonInstructions"
      },
      {
        "name": "BuiltinCommonConversions"
      },
      {
        "name": "BuiltinStringInstructions"
      },
      {
        "name": "BuiltinMathematicalTools"
      },
      {
        "name": "BuiltinExternalLayouts"
      }
    ],
    "platforms": [
      {
        "name": "GDevelop JS platform"
      }
    ],
    "currentPlatform": "GDevelop JS platform"
  },
  "resources": {
    "resources": [
      {
        "alwaysLoaded": false,
        "file": "PNG/background.png",
        "kind": "image",
        "metadata": "",
        "name": "PNG\\background.png",
        "smoothed": true,
        "userAdded": true
      },
      {
        "alwaysLoaded": false,
        "file": "PNG/floor.png",
        "kind": "image",
        "metadata": "",
        "name": "PNG\\floor.png",
        "smoothed": true,
        "userAdded": true
      },
      {
        "alwaysLoaded": false,
        "file": "PNG/ball.png",
        "kind": "image",
        "metadata": "",
        "name": "PNG\\ball.png",
        "smoothed": true,
        "userAdded": true
      },
      {
        "alwaysLoaded": false,
        "file": "PNG/cannon.png",
        "kind": "image",
        "metadata": "",
        "name": "PNG\\cannon.png",
        "smoothed": true,
        "userAdded": true
      },
      {
        "alwaysLoaded": false,
        "file": "PNG/cannon2.png",
        "kind": "image",
        "metadata": "",
        "name": "PNG\\cannon2.png",
        "smoothed": true,
        "userAdded": false
      },
      {
        "alwaysLoaded": false,
        "file": "PNG/boxAlt.png",
        "kind": "image",
        "metadata": "",
        "name": "PNG\\boxAlt.png",
        "smoothed": true,
        "userAdded": true
      },
      {
        "alwaysLoaded": false,
        "file": "PNG/youtube_social_icon_white.png",
        "kind": "image",
        "metadata": "",
        "name": "PNG\\youtube_social_icon_white.png",
        "smoothed": true,
        "userAdded": true
      }
    ],
    "resourceFolders": []
  },
  "objects": [],
  "objectsGroups": [],
  "variables": [],
  "layouts": [
    {
      "b": 209,
      "disableInputWhenNotFocused": true,
      "mangledName": "game",
      "name": "game",
      "oglFOV": 90,
      "oglZFar": 500,
      "oglZNear": 1,
      "r": 209,
      "standardSortMethod": true,
      "stopSoundsOnStartup": true,
      "title": "",
      "v": 209,
      "uiSettings": {
        "grid": false,
        "gridB": 255,
        "gridG": 180,
        "gridHeight": 45,
        "gridOffsetX": 0,
        "gridOffsetY": 15,
        "gridR": 158,
        "gridWidth": 45,
        "snap": false,
        "windowMask": false,
        "zoomFactor": 0.6
      },
      "objectsGroups": [],
      "variables": [],
      "instances": [
        {
          "angle": 0,
          "customSize": false,
          "height": 0,
          "layer": "",
          "locked": true,
          "name": "bg",
          "width": 0,
          "x": 0,
          "y": 0,
          "zOrder": -2,
          "numberProperties": [],
          "stringProperties": [],
          "initialVariables": []
        },
        {
          "angle": 0,
          "customSize": true,
          "height": 64,
          "layer": "",
          "locked": false,
          "name": "floor",
          "width": 868,
          "x": -3,
          "y": 418,
          "zOrder": 2,
          "numberProperties": [],
          "stringProperties": [],
          "initialVariables": []
        },
        {
          "angle": 0,
          "customSize": false,
          "height": 0,
          "layer": "",
          "locked": false,
          "name": "ball",
          "width": 0,
          "x": -45,
          "y": 150,
          "zOrder": 3,
          "numberProperties": [],
          "stringProperties": [],
          "initialVariables": []
        },
        {
          "angle": -42.7744,
          "customSize": false,
          "height": 0,
          "layer": "",
          "locked": false,
          "name": "cannon",
          "width": 0,
          "x": 86,
          "y": 330,
          "zOrder": 4,
          "numberProperties": [],
          "stringProperties": [],
          "initialVariables": []
        },
        {
          "angle": 0,
          "customSize": false,
          "height": 0,
          "layer": "",
          "locked": false,
          "name": "cannon_base",
          "width": 0,
          "x": 85,
          "y": 350,
          "zOrder": 5,
          "numberProperties": [],
          "stringProperties": [],
          "initialVariables": []
        },
        {
          "angle": 0,
          "customSize": true,
          "height": 45,
          "layer": "",
          "locked": false,
          "name": "crate",
          "width": 45,
          "x": 585,
          "y": 375,
          "zOrder": 6,
          "numberProperties": [],
          "stringProperties": [],
          "initialVariables": []
        },
        {
          "angle": 0,
          "customSize": true,
          "height": 45,
          "layer": "",
          "locked": false,
          "name": "crate",
          "width": 45,
          "x": 630,
          "y": 375,
          "zOrder": 6,
          "numberProperties": [],
          "stringProperties": [],
          "initialVariables": []
        },
        {
          "angle": 0,
          "customSize": true,
          "height": 45,
          "layer": "",
          "locked": false,
          "name": "crate",
          "width": 45,
          "x": 495,
          "y": 375,
          "zOrder": 6,
          "numberProperties": [],
          "stringProperties": [],
          "initialVariables": []
        },
        {
          "angle": 0,
          "customSize": true,
          "height": 45,
          "layer": "",
          "locked": false,
          "name": "crate",
          "width": 45,
          "x": 675,
          "y": 375,
          "zOrder": 6,
          "numberProperties": [],
          "stringProperties": [],
          "initialVariables": []
        },
        {
          "angle": 0,
          "customSize": true,
          "height": 45,
          "layer": "",
          "locked": false,
          "name": "crate",
          "width": 45,
          "x": 540,
          "y": 375,
          "zOrder": 6,
          "numberProperties": [],
          "stringProperties": [],
          "initialVariables": []
        },
        {
          "angle": 0,
          "customSize": true,
          "height": 45,
          "layer": "",
          "locked": false,
          "name": "crate",
          "width": 45,
          "x": 585,
          "y": 330,
          "zOrder": 6,
          "numberProperties": [],
          "stringProperties": [],
          "initialVariables": []
        },
        {
          "angle": 0,
          "customSize": true,
          "height": 45,
          "layer": "",
          "locked": false,
          "name": "crate",
          "width": 45,
          "x": 630,
          "y": 330,
          "zOrder": 6,
          "numberProperties": [],
          "stringProperties": [],
          "initialVariables": []
        },
        {
          "angle": 0,
          "customSize": true,
          "height": 45,
          "layer": "",
          "locked": false,
          "name": "crate",
          "width": 45,
          "x": 495,
          "y": 330,
          "zOrder": 6,
          "numberProperties": [],
          "stringProperties": [],
          "initialVariables": []
        },
        {
          "angle": 0,
          "customSize": true,
          "height": 45,
          "layer": "",
          "locked": false,
          "name": "crate",
          "width": 45,
          "x": 675,
          "y": 330,
          "zOrder": 6,
          "numberProperties": [],
          "stringProperties": [],
          "initialVariables": []
        },
        {
          "angle": 0,
          "customSize": true,
          "height": 45,
          "layer": "",
          "locked": false,
          "name": "crate",
          "width": 45,
          "x": 540,
          "y": 330,
          "zOrder": 6,
          "numberProperties": [],
          "stringProperties": [],
          "initialVariables": []
        },
        {
          "angle": 0,
          "customSize": true,
          "height": 45,
          "layer": "",
          "locked": false,
          "name": "crate",
          "width": 45,
          "x": 585,
          "y": 285,
          "zOrder": 6,
          "numberProperties": [],
          "stringProperties": [],
          "initialVariables": []
        },
        {
          "angle": 0,
          "customSize": true,
          "height": 45,
          "layer": "",
          "locked": false,
          "name": "crate",
          "width": 45,
          "x": 630,
          "y": 285,
          "zOrder": 6,
          "numberProperties": [],
          "stringProperties": [],
          "initialVariables": []
        },
        {
          "angle": 0,
          "customSize": true,
          "height": 45,
          "layer": "",
          "locked": false,
          "name": "crate",
          "width": 45,
          "x": 495,
          "y": 285,
          "zOrder": 6,
          "numberProperties": [],
          "stringProperties": [],
          "initialVariables": []
        },
        {
          "angle": 0,
          "customSize": true,
          "height": 45,
          "layer": "",
          "locked": false,
          "name": "crate",
          "width": 45,
          "x": 675,
          "y": 285,
          "zOrder": 6,
          "numberProperties": [],
          "stringProperties": [],
          "initialVariables": []
        },
        {
          "angle": 0,
          "customSize": true,
          "height": 45,
          "layer": "",
          "locked": false,
          "name": "crate",
          "width": 45,
          "x": 540,
          "y": 285,
          "zOrder": 6,
          "numberProperties": [],
          "stringProperties": [],
          "initialVariables": []
        },
        {
          "angle": 0,
          "customSize": true,
          "height": 45,
          "layer": "",
          "locked": false,
          "name": "crate",
          "width": 45,
          "x": 585,
          "y": 240,
          "zOrder": 6,
          "numberProperties": [],
          "stringProperties": [],
          "initialVariables": []
        },
        {
          "angle": 0,
          "customSize": true,
          "height": 45,
          "layer": "",
          "locked": false,
          "name": "crate",
          "width": 45,
          "x": 630,
          "y": 240,
          "zOrder": 6,
          "numberProperties": [],
          "stringProperties": [],
          "initialVariables": []
        },
        {
          "angle": 0,
          "customSize": true,
          "height": 45,
          "layer": "",
          "locked": false,
          "name": "crate",
          "width": 45,
          "x": 495,
          "y": 240,
          "zOrder": 6,
          "numberProperties": [],
          "stringProperties": [],
          "initialVariables": []
        },
        {
          "angle": 0,
          "customSize": true,
          "height": 45,
          "layer": "",
          "locked": false,
          "name": "crate",
          "width": 45,
          "x": 675,
          "y": 240,
          "zOrder": 6,
          "numberProperties": [],
          "stringProperties": [],
          "initialVariables": []
        },
        {
          "angle": 0,
          "customSize": true,
          "height": 45,
          "layer": "",
          "locked": false,
          "name": "crate",
          "width": 45,
          "x": 540,
          "y": 240,
          "zOrder": 6,
          "numberProperties": [],
          "stringProperties": [],
          "initialVariables": []
        },
        {
          "angle": 0,
          "customSize": true,
          "height": 45,
          "layer": "",
          "locked": false,
          "name": "crate",
          "width": 45,
          "x": 585,
          "y": 195,
          "zOrder": 6,
          "numberProperties": [],
          "stringProperties": [],
          "initialVariables": []
        },
        {
          "angle": 0,
          "customSize": true,
          "height": 45,
          "layer": "",
          "locked": false,
          "name": "crate",
          "width": 45,
          "x": 630,
          "y": 195,
          "zOrder": 6,
          "numberProperties": [],
          "stringProperties": [],
          "initialVariables": []
        },
        {
          "angle": 0,
          "customSize": true,
          "height": 45,
          "layer": "",
          "locked": false,
          "name": "crate",
          "width": 45,
          "x": 495,
          "y": 195,
          "zOrder": 6,
          "numberProperties": [],
          "stringProperties": [],
          "initialVariables": []
        },
        {
          "angle": 0,
          "customSize": true,
          "height": 45,
          "layer": "",
          "locked": false,
          "name": "crate",
          "width": 45,
          "x": 675,
          "y": 195,
          "zOrder": 6,
          "numberProperties": [],
          "stringProperties": [],
          "initialVariables": []
        },
        {
          "angle": 0,
          "customSize": true,
          "height": 45,
          "layer": "",
          "locked": false,
          "name": "crate",
          "width": 45,
          "x": 540,
          "y": 195,
          "zOrder": 6,
          "numberProperties": [],
          "stringProperties": [],
          "initialVariables": []
        },
        {
          "angle": 0,
          "customSize": true,
          "height": 45,
          "layer": "",
          "locked": false,
          "name": "crate",
          "width": 45,
          "x": 585,
          "y": 150,
          "zOrder": 6,
          "numberProperties": [],
          "stringProperties": [],
          "initialVariables": []
        },
        {
          "angle": 0,
          "customSize": true,
          "height": 45,
          "layer": "",
          "locked": false,
          "name": "crate",
          "width": 45,
          "x": 630,
          "y": 150,
          "zOrder": 6,
          "numberProperties": [],
          "stringProperties": [],
          "initialVariables": []
        },
        {
          "angle": 0,
          "customSize": true,
          "height": 45,
          "layer": "",
          "locked": false,
          "name": "crate",
          "width": 45,
          "x": 495,
          "y": 150,
          "zOrder": 6,
          "numberProperties": [],
          "stringProperties": [],
          "initialVariables": []
        },
        {
          "angle": 0,
          "customSize": true,
          "height": 45,
          "layer": "",
          "locked": false,
          "name": "crate",
          "width": 45,
          "x": 675,
          "y": 150,
          "zOrder": 6,
          "numberProperties": [],
          "stringProperties": [],
          "initialVariables": []
        },
        {
          "angle": 0,
          "customSize": true,
          "height": 45,
          "layer": "",
          "locked": false,
          "name": "crate",
          "width": 45,
          "x": 540,
          "y": 150,
          "zOrder": 6,
          "numberProperties": [],
          "stringProperties": [],
          "initialVariables": []
        },
        {
          "angle": 0,
          "customSize": true,
          "height": 45,
          "layer": "",
          "locked": false,
          "name": "crate",
          "width": 45,
          "x": 585,
          "y": 105,
          "zOrder": 6,
          "numberProperties": [],
          "stringProperties": [],
          "initialVariables": []
        },
        {
          "angle": 0,
          "customSize": true,
          "height": 45,
          "layer": "",
          "locked": false,
          "name": "crate",
          "width": 45,
          "x": 630,
          "y": 105,
          "zOrder": 6,
          "numberProperties": [],
          "stringProperties": [],
          "initialVariables": []
        },
        {
          "angle": 0,
          "customSize": true,
          "height": 45,
          "layer": "",
          "locked": false,
          "name": "crate",
          "width": 45,
          "x": 495,
          "y": 105,
          "zOrder": 6,
          "numberProperties": [],
          "stringProperties": [],
          "initialVariables": []
        },
        {
          "angle": 0,
          "customSize": true,
          "height": 45,
          "layer": "",
          "locked": false,
          "name": "crate",
          "width": 45,
          "x": 675,
          "y": 105,
          "zOrder": 6,
          "numberProperties": [],
          "stringProperties": [],
          "initialVariables": []
        },
        {
          "angle": 0,
          "customSize": true,
          "height": 45,
          "layer": "",
          "locked": false,
          "name": "crate",
          "width": 45,
          "x": 540,
          "y": 105,
          "zOrder": 6,
          "numberProperties": [],
          "stringProperties": [],
          "initialVariables": []
        },
        {
          "angle": 0,
          "customSize": true,
          "height": 45,
          "layer": "",
          "locked": false,
          "name": "crate",
          "width": 45,
          "x": 585,
          "y": 60,
          "zOrder": 6,
          "numberProperties": [],
          "stringProperties": [],
          "initialVariables": []
        },
        {
          "angle": 0,
          "customSize": true,
          "height": 45,
          "layer": "",
          "locked": false,
          "name": "crate",
          "width": 45,
          "x": 630,
          "y": 60,
          "zOrder": 6,
          "numberProperties": [],
          "stringProperties": [],
          "initialVariables": []
        },
        {
          "angle": 0,
          "customSize": true,
          "height": 45,
          "layer": "",
          "locked": false,
          "name": "crate",
          "width": 45,
          "x": 495,
          "y": 60,
          "zOrder": 6,
          "numberProperties": [],
          "stringProperties": [],
          "initialVariables": []
        },
        {
          "angle": 0,
          "customSize": true,
          "height": 45,
          "layer": "",
          "locked": false,
          "name": "crate",
          "width": 45,
          "x": 675,
          "y": 60,
          "zOrder": 6,
          "numberProperties": [],
          "stringProperties": [],
          "initialVariables": []
        },
        {
          "angle": 0,
          "customSize": true,
          "height": 45,
          "layer": "",
          "locked": false,
          "name": "crate",
          "width": 45,
          "x": 540,
          "y": 60,
          "zOrder": 6,
          "numberProperties": [],
          "stringProperties": [],
          "initialVariables": []
        },
        {
          "angle": 0,
          "customSize": false,
          "height": 0,
          "layer": "",
          "locked": false,
          "name": "Yt",
          "width": 0,
          "x": 5,
          "y": 5,
          "zOrder": 7,
          "numberProperties": [],
          "stringProperties": [],
          "initialVariables": []
        },
        {
          "angle": 0,
          "customSize": false,
          "height": 0,
          "layer": "",
          "locked": false,
          "name": "channel",
          "width": 0,
          "x": 77,
          "y": 16,
          "zOrder": 8,
          "numberProperties": [],
          "stringProperties": [],
          "initialVariables": []
        },
        {
          "angle": 0,
          "customSize": false,
          "height": 0,
          "layer": "",
          "locked": false,
          "name": "tutorial",
          "width": 0,
          "x": 782,
          "y": 7,
          "zOrder": 9,
          "numberProperties": [],
          "stringProperties": [],
          "initialVariables": []
        }
      ],
      "objects": [
        {
          "name": "bg",
          "tags": "",
          "type": "Sprite",
          "updateIfNotVisible": false,
          "variables": [],
          "behaviors": [],
          "animations": [
            {
              "name": "",
              "useMultipleDirections": false,
              "directions": [
                {
                  "looping": false,
                  "timeBetweenFrames": 0.08,
                  "sprites": [
                    {
                      "hasCustomCollisionMask": false,
                      "image": "PNG\\background.png",
                      "points": [],
                      "originPoint": {
                        "name": "origine",
                        "x": 0,
                        "y": 0
                      },
                      "centerPoint": {
                        "automatic": true,
                        "name": "centre",
                        "x": 0,
                        "y": 0
                      },
                      "customCollisionMask": []
                    }
                  ]
                }
              ]
            }
          ]
        },
        {
          "height": 32,
          "name": "floor",
          "tags": "",
          "texture": "PNG\\floor.png",
          "type": "TiledSpriteObject::TiledSprite",
          "width": 32,
          "variables": [],
          "behaviors": [
            {
              "name": "Physics2",
              "type": "Physics2::Physics2Behavior",
              "bodyType": "Static",
              "bullet": false,
              "fixedRotation": false,
              "canSleep": true,
              "shape": "Box",
              "shapeDimensionA": 0,
              "shapeDimensionB": 0,
              "shapeOffsetX": 0,
              "shapeOffsetY": 0,
              "polygonOrigin": "Center",
              "vertices": [],
              "density": 1,
              "friction": 0.3,
              "restitution": 0.1,
              "linearDamping": 0.1,
              "angularDamping": 0.1,
              "gravityScale": 1,
              "layers": 1,
              "masks": 1
            }
          ]
        },
        {
          "name": "ball",
          "tags": "",
          "type": "Sprite",
          "updateIfNotVisible": false,
          "variables": [],
          "behaviors": [
            {
              "name": "Physics2",
              "type": "Physics2::Physics2Behavior",
              "bodyType": "Dynamic",
              "bullet": false,
              "fixedRotation": false,
              "canSleep": true,
              "shape": "Circle",
              "shapeDimensionA": 0,
              "shapeDimensionB": 0,
              "shapeOffsetX": 0,
              "shapeOffsetY": 0,
              "polygonOrigin": "Center",
              "vertices": [],
              "density": 1,
              "friction": 0.3,
              "restitution": 0.1,
              "linearDamping": 0.1,
              "angularDamping": 0.1,
              "gravityScale": 1,
              "layers": 1,
              "masks": 1
            }
          ],
          "animations": [
            {
              "name": "",
              "useMultipleDirections": false,
              "directions": [
                {
                  "looping": false,
                  "timeBetweenFrames": 0.08,
                  "sprites": [
                    {
                      "hasCustomCollisionMask": false,
                      "image": "PNG\\ball.png",
                      "points": [],
                      "originPoint": {
                        "name": "origine",
                        "x": 18,
                        "y": 18
                      },
                      "centerPoint": {
                        "automatic": true,
                        "name": "centre",
                        "x": 0,
                        "y": 0
                      },
                      "customCollisionMask": []
                    }
                  ]
                }
              ]
            }
          ]
        },
        {
          "name": "cannon",
          "tags": "",
          "type": "Sprite",
          "updateIfNotVisible": false,
          "variables": [],
          "behaviors": [],
          "animations": [
            {
              "name": "",
              "useMultipleDirections": false,
              "directions": [
                {
                  "looping": false,
                  "timeBetweenFrames": 0.08,
                  "sprites": [
                    {
                      "hasCustomCollisionMask": false,
                      "image": "PNG\\cannon.png",
                      "points": [
                        {
                          "name": "spawn",
                          "x": 131.5,
                          "y": 36
                        }
                      ],
                      "originPoint": {
                        "name": "origine",
                        "x": 0,
                        "y": 0
                      },
                      "centerPoint": {
                        "automatic": false,
                        "name": "centre",
                        "x": 37,
                        "y": 36
                      },
                      "customCollisionMask": []
                    }
                  ]
                }
              ]
            }
          ]
        },
        {
          "name": "cannon_base",
          "tags": "",
          "type": "Sprite",
          "updateIfNotVisible": false,
          "variables": [],
          "behaviors": [],
          "animations": [
            {
              "name": "",
              "useMultipleDirections": false,
              "directions": [
                {
                  "looping": false,
                  "timeBetweenFrames": 0.08,
                  "sprites": [
                    {
                      "hasCustomCollisionMask": false,
                      "image": "PNG\\cannon2.png",
                      "points": [],
                      "originPoint": {
                        "name": "origine",
                        "x": 0,
                        "y": 0
                      },
                      "centerPoint": {
                        "automatic": true,
                        "name": "centre",
                        "x": 0,
                        "y": 0
                      },
                      "customCollisionMask": []
                    }
                  ]
                }
              ]
            }
          ]
        },
        {
          "name": "crate",
          "tags": "",
          "type": "Sprite",
          "updateIfNotVisible": false,
          "variables": [],
          "behaviors": [
            {
              "name": "Physics2",
              "type": "Physics2::Physics2Behavior",
              "bodyType": "Dynamic",
              "bullet": false,
              "fixedRotation": false,
              "canSleep": true,
              "shape": "Box",
              "shapeDimensionA": 0,
              "shapeDimensionB": 0,
              "shapeOffsetX": 0,
              "shapeOffsetY": 0,
              "polygonOrigin": "Center",
              "vertices": [],
              "density": 1,
              "friction": 0.3,
              "restitution": 0.1,
              "linearDamping": 0.1,
              "angularDamping": 0.1,
              "gravityScale": 1,
              "layers": 1,
              "masks": 1
            }
          ],
          "animations": [
            {
              "name": "",
              "useMultipleDirections": false,
              "directions": [
                {
                  "looping": false,
                  "timeBetweenFrames": 0.08,
                  "sprites": [
                    {
                      "hasCustomCollisionMask": false,
                      "image": "PNG\\boxAlt.png",
                      "points": [],
                      "originPoint": {
                        "name": "origine",
                        "x": 0,
                        "y": 0
                      },
                      "centerPoint": {
                        "automatic": true,
                        "name": "centre",
                        "x": 0,
                        "y": 0
                      },
                      "customCollisionMask": []
                    }
                  ]
                }
              ]
            }
          ]
        },
        {
          "name": "Yt",
          "tags": "",
          "type": "Sprite",
          "updateIfNotVisible": false,
          "variables": [],
          "behaviors": [],
          "animations": [
            {
              "name": "",
              "useMultipleDirections": false,
              "directions": [
                {
                  "looping": false,
                  "timeBetweenFrames": 0.08,
                  "sprites": [
                    {
                      "hasCustomCollisionMask": false,
                      "image": "PNG\\youtube_social_icon_white.png",
                      "points": [],
                      "originPoint": {
                        "name": "origine",
                        "x": 0,
                        "y": 0
                      },
                      "centerPoint": {
                        "automatic": true,
                        "name": "centre",
                        "x": 0,
                        "y": 0
                      },
                      "customCollisionMask": []
                    }
                  ]
                }
              ]
            }
          ]
        },
        {
          "bold": false,
          "italic": false,
          "name": "channel",
          "smoothed": true,
          "tags": "",
          "type": "TextObject::Text",
          "underlined": false,
          "variables": [],
          "behaviors": [],
          "string": "THE GEM TUTORIALS",
          "font": "",
          "characterSize": 20,
          "color": {
            "b": 0,
            "g": 0,
            "r": 0
          }
        },
        {
          "bold": false,
          "italic": false,
          "name": "tutorial",
          "smoothed": true,
          "tags": "",
          "type": "TextObject::Text",
          "underlined": false,
          "variables": [],
          "behaviors": [],
          "string": "Tutorial",
          "font": "",
          "characterSize": 20,
          "color": {
            "b": 0,
            "g": 0,
            "r": 0
          }
        }
      ],
      "events": [
        {
          "disabled": false,
          "folded": false,
          "type": "BuiltinCommonInstructions::Comment",
          "color": {
            "b": 109,
            "g": 230,
            "r": 255,
            "textB": 0,
            "textG": 0,
            "textR": 0
          },
          "comment": "This was created by THE GEM TUTORIALS for the GDevelop community",
          "comment2": ""
        },
        {
          "colorB": 194,
          "colorG": 227,
          "colorR": 80,
          "creationTime": 0,
          "disabled": false,
          "folded": true,
          "name": "Physics",
          "source": "",
          "type": "BuiltinCommonInstructions::Group",
          "events": [
            {
              "disabled": false,
              "folded": false,
              "type": "BuiltinCommonInstructions::Standard",
              "conditions": [
                {
                  "type": {
                    "inverted": false,
                    "value": "DepartScene"
                  },
                  "parameters": [
                    ""
                  ],
                  "subInstructions": []
                }
              ],
              "actions": [
                {
                  "type": {
                    "inverted": false,
                    "value": "Delete"
                  },
                  "parameters": [
                    "ball",
                    ""
                  ],
                  "subInstructions": []
                }
              ],
              "events": []
            },
            {
              "disabled": false,
              "folded": false,
              "type": "BuiltinCommonInstructions::Comment",
              "color": {
                "b": 109,
                "g": 230,
                "r": 255,
                "textB": 0,
                "textG": 0,
                "textR": 0
              },
              "comment": "This rotates the cannon towards the mouse pointer",
              "comment2": ""
            },
            {
              "disabled": false,
              "folded": false,
              "type": "BuiltinCommonInstructions::Standard",
              "conditions": [
                {
                  "type": {
                    "inverted": false,
                    "value": "Toujours"
                  },
                  "parameters": [
                    ""
                  ],
                  "subInstructions": []
                }
              ],
              "actions": [
                {
                  "type": {
                    "inverted": false,
                    "value": "RotateTowardPosition"
                  },
                  "parameters": [
                    "cannon",
                    "MouseX()",
                    "MouseY()",
                    "500",
                    ""
                  ],
                  "subInstructions": []
                }
              ],
              "events": []
            },
            {
              "disabled": false,
              "folded": false,
              "type": "BuiltinCommonInstructions::Comment",
              "color": {
                "b": 109,
                "g": 230,
                "r": 255,
                "textB": 0,
                "textG": 0,
                "textR": 0
              },
              "comment": "this creates the ball from the cannon and adds a force to it.",
              "comment2": ""
            },
            {
              "disabled": false,
              "folded": false,
              "type": "BuiltinCommonInstructions::Standard",
              "conditions": [
                {
                  "type": {
                    "inverted": false,
                    "value": "SourisBouton"
                  },
                  "parameters": [
                    "",
                    "Left"
                  ],
                  "subInstructions": []
                },
                {
                  "type": {
                    "inverted": false,
                    "value": "BuiltinCommonInstructions::Once"
                  },
                  "parameters": [],
                  "subInstructions": []
                }
              ],
              "actions": [
                {
                  "type": {
                    "inverted": false,
                    "value": "Create"
                  },
                  "parameters": [
                    "",
                    "ball",
                    "cannon.PointX(\"spawn\")",
                    "cannon.PointY(\"spawn\")",
                    ""
                  ],
                  "subInstructions": []
                },
                {
                  "type": {
                    "inverted": false,
                    "value": "Physics2::ApplyForceTowardPosition"
                  },
                  "parameters": [
                    "ball",
                    "Physics2",
                    "100",
                    "MouseX(\"\",0)",
                    "MouseY(\"\",0)",
                    "cannon.PointX(\"spawn\")",
                    "cannon.PointY(\"spawn\")"
                  ],
                  "subInstructions": []
                }
              ],
              "events": []
            }
          ],
          "parameters": []
        },
        {
          "colorB": 33,
          "colorG": 211,
          "colorR": 126,
          "creationTime": 0,
          "disabled": false,
          "folded": true,
          "name": "Details",
          "source": "",
          "type": "BuiltinCommonInstructions::Group",
          "events": [
            {
              "disabled": false,
              "folded": false,
              "type": "BuiltinCommonInstructions::Standard",
              "conditions": [
                {
                  "type": {
                    "inverted": false,
                    "value": "BuiltinCommonInstructions::Or"
                  },
                  "parameters": [],
                  "subInstructions": [
                    {
                      "type": {
                        "inverted": false,
                        "value": "SourisSurObjet"
                      },
                      "parameters": [
                        "channel",
                        "",
                        "",
                        ""
                      ],
                      "subInstructions": []
                    },
                    {
                      "type": {
                        "inverted": false,
                        "value": "SourisSurObjet"
                      },
                      "parameters": [
                        "Yt",
                        "",
                        "",
                        ""
                      ],
                      "subInstructions": []
                    }
                  ]
                },
                {
                  "type": {
                    "inverted": false,
                    "value": "BuiltinCommonInstructions::Once"
                  },
                  "parameters": [],
                  "subInstructions": []
                }
              ],
              "actions": [
                {
                  "type": {
                    "inverted": false,
                    "value": "LaunchFile"
                  },
                  "parameters": [
                    "\"https://www.youtube.com/channel/UCsZ4Ue8c94YLJDbGRafCI5Q?sub_confirmation=1\"",
                    ""
                  ],
                  "subInstructions": []
                }
              ],
              "events": []
            },
            {
              "disabled": false,
              "folded": false,
              "type": "BuiltinCommonInstructions::Standard",
              "conditions": [
                {
                  "type": {
                    "inverted": false,
                    "value": "BuiltinCommonInstructions::Or"
                  },
                  "parameters": [],
                  "subInstructions": [
                    {
                      "type": {
                        "inverted": false,
                        "value": "SourisSurObjet"
                      },
                      "parameters": [
                        "tutorial",
                        "",
                        "",
                        ""
                      ],
                      "subInstructions": []
                    }
                  ]
                },
                {
                  "type": {
                    "inverted": false,
                    "value": "BuiltinCommonInstructions::Once"
                  },
                  "parameters": [],
                  "subInstructions": []
                }
              ],
              "actions": [
                {
                  "type": {
                    "inverted": false,
                    "value": "LaunchFile"
                  },
                  "parameters": [
                    "\"https://www.youtube.com/channel/UCsZ4Ue8c94YLJDbGRafCI5Q?sub_confirmation=1\"",
                    ""
                  ],
                  "subInstructions": []
                }
              ],
              "events": []
            }
          ],
          "parameters": []
        }
      ],
      "layers": [
        {
          "name": "",
          "visibility": true,
          "cameras": [
            {
              "defaultSize": true,
              "defaultViewport": true,
              "height": 0,
              "viewportBottom": 1,
              "viewportLeft": 0,
              "viewportRight": 1,
              "viewportTop": 0,
              "width": 0
            }
          ],
          "effects": []
        }
      ],
      "behaviorsSharedData": [
        {
          "name": "Physics2",
          "type": "Physics2::Physics2Behavior",
          "gravityX": 0,
          "gravityY": 9.8,
          "scaleX": 100,
          "scaleY": 100
        }
      ]
    }
  ],
  "externalEvents": [],
  "eventsFunctionsExtensions": [],
  "externalLayouts": [],
  "externalSourceFiles": []
}