{"firstLayout":"","gdVersion":{"build":96,"major":4,"minor":0,"revision":0},"properties":{"folderProject":false,"linuxExecutableFilename":"","macExecutableFilename":"","packageName":"com.example.gamename","projectFile":"C:\\Users\\szoszo\\Desktop\\Projects\\gametemplates\\gdevelop5\\toggle-music-play-sound\\game.json","useExternalSourceFiles":false,"winExecutableFilename":"","winExecutableIconFile":"","name":"Project","author":"","windowWidth":800,"windowHeight":600,"latestCompilationDirectory":"C:\\Users\\szoszo\\Desktop\\toggle-music-play-sound","maxFPS":60,"minFPS":10,"verticalSync":false,"extensions":[{"name":"BuiltinObject"},{"name":"BuiltinAudio"},{"name":"BuiltinVariables"},{"name":"BuiltinTime"},{"name":"BuiltinMouse"},{"name":"BuiltinKeyboard"},{"name":"BuiltinJoystick"},{"name":"BuiltinCamera"},{"name":"BuiltinWindow"},{"name":"BuiltinFile"},{"name":"BuiltinNetwork"},{"name":"BuiltinScene"},{"name":"BuiltinAdvanced"},{"name":"Sprite"},{"name":"BuiltinCommonInstructions"},{"name":"BuiltinCommonConversions"},{"name":"BuiltinStringInstructions"},{"name":"BuiltinMathematicalTools"},{"name":"BuiltinExternalLayouts"}],"platforms":[{"name":"GDevelop JS platform"}],"currentPlatform":"GDevelop JS platform"},"resources":{"resources":[{"alwaysLoaded":false,"file":"play.png","kind":"image","name":"play.png","smoothed":true,"userAdded":true},{"alwaysLoaded":false,"file":"pause.png","kind":"image","name":"pause.png","smoothed":true,"userAdded":false},{"alwaysLoaded":false,"file":"sound_on.png","kind":"image","name":"sound_on.png","smoothed":true,"userAdded":true},{"alwaysLoaded":false,"file":"sound_off.png","kind":"image","name":"sound_off.png","smoothed":true,"userAdded":true},{"alwaysLoaded":false,"file":"music_play (1).png","kind":"image","name":"music_play (1).png","smoothed":true,"userAdded":true},{"alwaysLoaded":false,"file":"music_pause.png","kind":"image","name":"music_pause.png","smoothed":true,"userAdded":true},{"alwaysLoaded":false,"file":"volume_background.png","kind":"image","name":"volume_background.png","smoothed":true,"userAdded":false},{"alwaysLoaded":false,"file":"volume_slider.png","kind":"image","name":"volume_slider.png","smoothed":true,"userAdded":true},{"alwaysLoaded":false,"file":"slider_button.png","kind":"image","name":"slider_button.png","smoothed":true,"userAdded":true}],"resourceFolders":[]},"objects":[],"objectsGroups":[],"variables":[],"layouts":[{"b":0,"disableInputWhenNotFocused":true,"mangledName":"NewScene","name":"NewScene","oglFOV":90,"oglZFar":500,"oglZNear":1,"r":0,"standardSortMethod":true,"stopSoundsOnStartup":true,"title":"","v":0,"uiSettings":{"grid":false,"gridB":255,"gridG":180,"gridHeight":32,"gridOffsetX":0,"gridOffsetY":0,"gridR":158,"gridWidth":32,"snap":true,"windowMask":false,"zoomFactor":1},"objectsGroups":[{"name":"buttons","objects":[{"name":"play"},{"name":"pause"},{"name":"mute"}]}],"variables":[],"instances":[{"angle":0,"customSize":false,"height":0,"layer":"","locked":false,"name":"music","width":0,"x":288,"y":224,"zOrder":1,"numberProperties":[],"stringProperties":[],"initialVariables":[]},{"angle":0,"customSize":false,"height":0,"layer":"","locked":false,"name":"play","width":0,"x":384,"y":320,"zOrder":2,"numberProperties":[],"stringProperties":[],"initialVariables":[]},{"angle":0,"customSize":false,"height":0,"layer":"","locked":false,"name":"pause","width":0,"x":448,"y":320,"zOrder":3,"numberProperties":[],"stringProperties":[],"initialVariables":[]},{"angle":0,"customSize":false,"height":0,"layer":"","locked":false,"name":"mute","width":0,"x":320,"y":320,"zOrder":4,"numberProperties":[],"stringProperties":[],"initialVariables":[]},{"angle":0,"customSize":false,"height":0,"layer":"","locked":false,"name":"track_info","width":0,"x":341.773,"y":224,"zOrder":5,"numberProperties":[],"stringProperties":[],"initialVariables":[]},{"angle":0,"customSize":false,"height":0,"layer":"","locked":false,"name":"volume_background","width":0,"x":307,"y":293,"zOrder":6,"numberProperties":[],"stringProperties":[],"initialVariables":[]},{"angle":0,"customSize":false,"height":0,"layer":"","locked":false,"name":"volume_slider","width":0,"x":307,"y":278,"zOrder":7,"numberProperties":[],"stringProperties":[],"initialVariables":[]},{"angle":0,"customSize":false,"height":0,"layer":"","locked":false,"name":"slider_button","width":0,"x":538,"y":273,"zOrder":8,"numberProperties":[],"stringProperties":[],"initialVariables":[]}],"objects":[{"name":"play","type":"Sprite","updateIfNotVisible":false,"variables":[],"behaviors":[],"animations":[{"name":"","useMultipleDirections":false,"directions":[{"looping":false,"timeBetweenFrames":1,"sprites":[{"hasCustomCollisionMask":false,"image":"play.png","points":[],"originPoint":{"name":"origine","x":0,"y":0},"centerPoint":{"automatic":true,"name":"centre","x":0,"y":0},"customCollisionMask":[]}]}]}]},{"name":"pause","type":"Sprite","updateIfNotVisible":false,"variables":[],"behaviors":[],"animations":[{"name":"","useMultipleDirections":false,"directions":[{"looping":false,"timeBetweenFrames":1,"sprites":[{"hasCustomCollisionMask":false,"image":"pause.png","points":[],"originPoint":{"name":"origine","x":0,"y":0},"centerPoint":{"automatic":true,"name":"centre","x":0,"y":0},"customCollisionMask":[]}]}]}]},{"name":"mute","type":"Sprite","updateIfNotVisible":false,"variables":[],"behaviors":[],"animations":[{"name":"","useMultipleDirections":false,"directions":[{"looping":false,"timeBetweenFrames":1,"sprites":[{"hasCustomCollisionMask":false,"image":"sound_on.png","points":[],"originPoint":{"name":"origine","x":0,"y":0},"centerPoint":{"automatic":true,"name":"centre","x":0,"y":0},"customCollisionMask":[]}]}]},{"name":"","useMultipleDirections":false,"directions":[{"looping":false,"timeBetweenFrames":1,"sprites":[{"hasCustomCollisionMask":false,"image":"sound_off.png","points":[],"originPoint":{"name":"origine","x":0,"y":0},"centerPoint":{"automatic":true,"name":"centre","x":0,"y":0},"customCollisionMask":[]}]}]}]},{"name":"music","type":"Sprite","updateIfNotVisible":false,"variables":[],"behaviors":[],"animations":[{"name":"","useMultipleDirections":false,"directions":[{"looping":false,"timeBetweenFrames":1,"sprites":[{"hasCustomCollisionMask":false,"image":"music_play (1).png","points":[],"originPoint":{"name":"origine","x":0,"y":0},"centerPoint":{"automatic":true,"name":"centre","x":0,"y":0},"customCollisionMask":[]}]}]},{"name":"","useMultipleDirections":false,"directions":[{"looping":false,"timeBetweenFrames":1,"sprites":[{"hasCustomCollisionMask":false,"image":"music_pause.png","points":[],"originPoint":{"name":"origine","x":0,"y":0},"centerPoint":{"automatic":true,"name":"centre","x":0,"y":0},"customCollisionMask":[]}]}]}]},{"bold":true,"italic":false,"name":"track_info","smoothed":true,"type":"TextObject::Text","underlined":false,"variables":[],"behaviors":[],"string":"Press Play button","font":"","characterSize":20,"color":{"b":35,"g":166,"r":245}},{"name":"volume_background","type":"Sprite","updateIfNotVisible":false,"variables":[],"behaviors":[],"animations":[{"name":"","useMultipleDirections":false,"directions":[{"looping":false,"timeBetweenFrames":1,"sprites":[{"hasCustomCollisionMask":false,"image":"volume_background.png","points":[],"originPoint":{"name":"origine","x":0,"y":0},"centerPoint":{"automatic":true,"name":"centre","x":0,"y":0},"customCollisionMask":[]}]}]}]},{"name":"volume_slider","type":"Sprite","updateIfNotVisible":false,"variables":[],"behaviors":[],"animations":[{"name":"","useMultipleDirections":false,"directions":[{"looping":false,"timeBetweenFrames":1,"sprites":[{"hasCustomCollisionMask":false,"image":"volume_slider.png","points":[{"name":"button","x":200,"y":5}],"originPoint":{"name":"origine","x":0,"y":0},"centerPoint":{"automatic":true,"name":"centre","x":0,"y":0},"customCollisionMask":[]}]}]}]},{"name":"slider_button","type":"Sprite","updateIfNotVisible":false,"variables":[],"behaviors":[],"animations":[{"name":"","useMultipleDirections":false,"directions":[{"looping":false,"timeBetweenFrames":1,"sprites":[{"hasCustomCollisionMask":false,"image":"slider_button.png","points":[],"originPoint":{"name":"origine","x":10,"y":10},"centerPoint":{"automatic":true,"name":"centre","x":0,"y":0},"customCollisionMask":[]}]}]}]}],"events":[{"disabled":false,"folded":false,"type":"BuiltinCommonInstructions::Standard","conditions":[{"type":{"inverted":false,"value":"DepartScene"},"parameters":[""],"subInstructions":[]}],"actions":[{"type":{"inverted":false,"value":"ModVarScene"},"parameters":["mute","=","0"],"subInstructions":[]},{"type":{"inverted":false,"value":"ModVarScene"},"parameters":["play","=","0"],"subInstructions":[]},{"type":{"inverted":false,"value":"ModVarScene"},"parameters":["sound_level","=","50"],"subInstructions":[]},{"type":{"inverted":false,"value":"ModGlobalVolume"},"parameters":["","=","Variable(sound_level)"],"subInstructions":[]},{"type":{"inverted":false,"value":"MettreXY"},"parameters":["volume_slider","=","volume_background.X()","=","volume_background.Y()"],"subInstructions":[]},{"type":{"inverted":false,"value":"ChangeScaleWidth"},"parameters":["volume_slider","=","Variable(sound_level) / 100"],"subInstructions":[]},{"type":{"inverted":false,"value":"MettreXY"},"parameters":["slider_button","=","volume_slider.PointX(button)","=","volume_slider.PointY(button)"],"subInstructions":[]}],"events":[]},{"disabled":false,"folded":false,"type":"BuiltinCommonInstructions::Comment","color":{"b":109,"g":230,"r":255,"textB":0,"textG":0,"textR":0},"comment":"volume slider","comment2":""},{"disabled":false,"folded":false,"type":"BuiltinCommonInstructions::Standard","conditions":[{"type":{"inverted":false,"value":"SourisBouton"},"parameters":["","Left"],"subInstructions":[]},{"type":{"inverted":false,"value":"SourisSurObjet"},"parameters":["slider_button","","",""],"subInstructions":[]}],"actions":[],"events":[{"disabled":false,"folded":false,"type":"BuiltinCommonInstructions::Standard","conditions":[{"type":{"inverted":false,"value":"SourisX"},"parameters":["slider_button",">","volume_background.X()","",""],"subInstructions":[]},{"type":{"inverted":false,"value":"SourisX"},"parameters":["slider_button","<","volume_background.X() + 200","",""],"subInstructions":[]}],"actions":[{"type":{"inverted":false,"value":"MettreX"},"parameters":["slider_button","=","MouseX()"],"subInstructions":[]},{"type":{"inverted":false,"value":"ModGlobalVolume"},"parameters":["","=","Variable(sound_level)"],"subInstructions":[]}],"events":[]}]},{"disabled":false,"folded":false,"type":"BuiltinCommonInstructions::Standard","conditions":[{"type":{"inverted":false,"value":"PosX"},"parameters":["slider_button",">=","volume_slider.PointX(button)"],"subInstructions":[]}],"actions":[{"type":{"inverted":false,"value":"ChangeScaleWidth"},"parameters":["volume_slider","+","0.05"],"subInstructions":[]},{"type":{"inverted":false,"value":"ModVarScene"},"parameters":["sound_level","+","5"],"subInstructions":[]}],"events":[]},{"disabled":false,"folded":false,"type":"BuiltinCommonInstructions::Standard","conditions":[{"type":{"inverted":false,"value":"PosX"},"parameters":["slider_button","<","volume_slider.PointX(button)"],"subInstructions":[]}],"actions":[{"type":{"inverted":false,"value":"ChangeScaleWidth"},"parameters":["volume_slider","-","0.05"],"subInstructions":[]},{"type":{"inverted":false,"value":"ModVarScene"},"parameters":["sound_level","-","5"],"subInstructions":[]}],"events":[]},{"disabled":false,"folded":false,"type":"BuiltinCommonInstructions::Comment","color":{"b":109,"g":230,"r":255,"textB":0,"textG":0,"textR":0},"comment":"use buttons to change between play, pause and mute","comment2":""},{"disabled":false,"folded":false,"type":"BuiltinCommonInstructions::Standard","conditions":[{"type":{"inverted":false,"value":"MouseButtonReleased"},"parameters":["","Left"],"subInstructions":[]}],"actions":[{"type":{"inverted":false,"value":"ModVarScene"},"parameters":["switch","=","0"],"subInstructions":[]}],"events":[]},{"disabled":false,"folded":false,"type":"BuiltinCommonInstructions::Standard","conditions":[{"type":{"inverted":false,"value":"SourisBouton"},"parameters":["","Left"],"subInstructions":[]},{"type":{"inverted":false,"value":"BuiltinCommonInstructions::Once"},"parameters":[],"subInstructions":[]}],"actions":[],"events":[{"disabled":false,"folded":false,"type":"BuiltinCommonInstructions::Comment","color":{"b":109,"g":230,"r":255,"textB":0,"textG":0,"textR":0},"comment":"Mute music on channel 1","comment2":""},{"disabled":false,"folded":false,"type":"BuiltinCommonInstructions::Standard","conditions":[{"type":{"inverted":false,"value":"SourisSurObjet"},"parameters":["buttons","","",""],"subInstructions":[]}],"actions":[{"type":{"inverted":false,"value":"PlaySound"},"parameters":["","click.ogg","","100","1"],"subInstructions":[]}],"events":[]},{"disabled":false,"folded":false,"type":"BuiltinCommonInstructions::Standard","conditions":[{"type":{"inverted":false,"value":"SourisSurObjet"},"parameters":["mute","","",""],"subInstructions":[]}],"actions":[],"events":[{"disabled":false,"folded":false,"type":"BuiltinCommonInstructions::Standard","conditions":[{"type":{"inverted":false,"value":"VarScene"},"parameters":["switch","=","0"],"subInstructions":[]},{"type":{"inverted":false,"value":"VarScene"},"parameters":["mute","=","0"],"subInstructions":[]},{"type":{"inverted":false,"value":"VarScene"},"parameters":["play","=","1"],"subInstructions":[]}],"actions":[{"type":{"inverted":false,"value":"ModVarScene"},"parameters":["mute","=","1"],"subInstructions":[]},{"type":{"inverted":false,"value":"ModVarScene"},"parameters":["switch","=","1"],"subInstructions":[]}],"events":[{"disabled":false,"folded":false,"type":"BuiltinCommonInstructions::Standard","conditions":[{"type":{"inverted":false,"value":"MusicCanalVolume"},"parameters":["","1",">","0"],"subInstructions":[]}],"actions":[{"type":{"inverted":false,"value":"ModVolumeMusicCanal"},"parameters":["","1","=","0"],"subInstructions":[]}],"events":[]}]},{"disabled":false,"folded":false,"type":"BuiltinCommonInstructions::Standard","conditions":[{"type":{"inverted":false,"value":"VarScene"},"parameters":["switch","=","0"],"subInstructions":[]},{"type":{"inverted":false,"value":"VarScene"},"parameters":["mute","=","1"],"subInstructions":[]}],"actions":[{"type":{"inverted":false,"value":"ModVarScene"},"parameters":["mute","=","0"],"subInstructions":[]},{"type":{"inverted":false,"value":"ModVarScene"},"parameters":["switch","=","1"],"subInstructions":[]}],"events":[{"disabled":false,"folded":false,"type":"BuiltinCommonInstructions::Standard","conditions":[{"type":{"inverted":false,"value":"MusicCanalVolume"},"parameters":["","1","<","100"],"subInstructions":[]}],"actions":[{"type":{"inverted":false,"value":"ModVolumeMusicCanal"},"parameters":["","1","=","100"],"subInstructions":[]}],"events":[]}]}]},{"disabled":false,"folded":false,"type":"BuiltinCommonInstructions::Comment","color":{"b":109,"g":230,"r":255,"textB":0,"textG":0,"textR":0},"comment":"Pause music on channel 1","comment2":""},{"disabled":false,"folded":false,"type":"BuiltinCommonInstructions::Standard","conditions":[{"type":{"inverted":false,"value":"SourisSurObjet"},"parameters":["pause","","",""],"subInstructions":[]}],"actions":[],"events":[{"disabled":false,"folded":false,"type":"BuiltinCommonInstructions::Standard","conditions":[{"type":{"inverted":false,"value":"VarScene"},"parameters":["play","=","1"],"subInstructions":[]}],"actions":[{"type":{"inverted":false,"value":"ModVarScene"},"parameters":["play","=","0"],"subInstructions":[]}],"events":[{"disabled":false,"folded":false,"type":"BuiltinCommonInstructions::Standard","conditions":[],"actions":[{"type":{"inverted":false,"value":"PauseMusicCanal"},"parameters":["","1"],"subInstructions":[]}],"events":[]}]}]},{"disabled":false,"folded":false,"type":"BuiltinCommonInstructions::Comment","color":{"b":109,"g":230,"r":255,"textB":0,"textG":0,"textR":0},"comment":"Play music on channel 1","comment2":""},{"disabled":false,"folded":false,"type":"BuiltinCommonInstructions::Standard","conditions":[{"type":{"inverted":false,"value":"SourisSurObjet"},"parameters":["play","","",""],"subInstructions":[]}],"actions":[],"events":[{"disabled":false,"folded":false,"type":"BuiltinCommonInstructions::Standard","conditions":[{"type":{"inverted":false,"value":"VarScene"},"parameters":["play","=","0"],"subInstructions":[]}],"actions":[{"type":{"inverted":false,"value":"ModVarScene"},"parameters":["play","=","1"],"subInstructions":[]}],"events":[{"disabled":false,"folded":false,"type":"BuiltinCommonInstructions::Standard","conditions":[{"type":{"inverted":true,"value":"MusicPlaying"},"parameters":["","1"],"subInstructions":[]},{"type":{"inverted":true,"value":"MusicPaused"},"parameters":["","1"],"subInstructions":[]}],"actions":[{"type":{"inverted":false,"value":"PlayMusicCanal"},"parameters":["","Castle-of-Despair.ogg","1","yes","100","1"],"subInstructions":[]}],"events":[]},{"disabled":false,"folded":false,"type":"BuiltinCommonInstructions::Standard","conditions":[{"type":{"inverted":false,"value":"MusicPaused"},"parameters":["","1"],"subInstructions":[]}],"actions":[{"type":{"inverted":false,"value":"RePlayMusicCanal"},"parameters":["","1"],"subInstructions":[]}],"events":[]}]}]},{"disabled":false,"folded":false,"type":"BuiltinCommonInstructions::Comment","color":{"b":109,"g":230,"r":255,"textB":0,"textG":0,"textR":0},"comment":"Update text and button animations","comment2":""},{"disabled":false,"folded":false,"type":"BuiltinCommonInstructions::Standard","conditions":[{"type":{"inverted":false,"value":"VarScene"},"parameters":["play","=","1"],"subInstructions":[]},{"type":{"inverted":false,"value":"VarScene"},"parameters":["mute","=","0"],"subInstructions":[]},{"type":{"inverted":false,"value":"BuiltinCommonInstructions::Once"},"parameters":[],"subInstructions":[]}],"actions":[{"type":{"inverted":false,"value":"TextObject::String"},"parameters":["track_info","=","\"Playing: Castle of Despair by Eric Matyas\" + NewLine() + \"www.soundimage.org\""],"subInstructions":[]},{"type":{"inverted":false,"value":"ChangeAnimation"},"parameters":["music","=","0"],"subInstructions":[]},{"type":{"inverted":false,"value":"ChangeAnimation"},"parameters":["mute","=","0"],"subInstructions":[]}],"events":[]},{"disabled":false,"folded":false,"type":"BuiltinCommonInstructions::Standard","conditions":[{"type":{"inverted":false,"value":"VarScene"},"parameters":["play","=","1"],"subInstructions":[]},{"type":{"inverted":false,"value":"VarScene"},"parameters":["mute","=","1"],"subInstructions":[]},{"type":{"inverted":false,"value":"BuiltinCommonInstructions::Once"},"parameters":[],"subInstructions":[]}],"actions":[{"type":{"inverted":false,"value":"TextObject::String"},"parameters":["track_info","=","\"Muted\""],"subInstructions":[]},{"type":{"inverted":false,"value":"ChangeAnimation"},"parameters":["mute","=","1"],"subInstructions":[]},{"type":{"inverted":false,"value":"ChangeAnimation"},"parameters":["music","=","1"],"subInstructions":[]}],"events":[]},{"disabled":false,"folded":false,"type":"BuiltinCommonInstructions::Standard","conditions":[{"type":{"inverted":false,"value":"VarScene"},"parameters":["play","=","0"],"subInstructions":[]},{"type":{"inverted":false,"value":"VarScene"},"parameters":["mute","=","0"],"subInstructions":[]},{"type":{"inverted":false,"value":"BuiltinCommonInstructions::Once"},"parameters":[],"subInstructions":[]}],"actions":[{"type":{"inverted":false,"value":"TextObject::String"},"parameters":["track_info","=","\"Paused\""],"subInstructions":[]},{"type":{"inverted":false,"value":"ChangeAnimation"},"parameters":["music","=","1"],"subInstructions":[]}],"events":[]},{"disabled":false,"folded":false,"type":"BuiltinCommonInstructions::Standard","conditions":[{"type":{"inverted":false,"value":"VarScene"},"parameters":["play","=","0"],"subInstructions":[]},{"type":{"inverted":false,"value":"VarScene"},"parameters":["mute","=","1"],"subInstructions":[]},{"type":{"inverted":false,"value":"BuiltinCommonInstructions::Once"},"parameters":[],"subInstructions":[]}],"actions":[{"type":{"inverted":false,"value":"TextObject::String"},"parameters":["track_info","=","\"Paused\" + NewLine() + \"Muted\""],"subInstructions":[]},{"type":{"inverted":false,"value":"ChangeAnimation"},"parameters":["music","=","1"],"subInstructions":[]}],"events":[]}]}],"layers":[{"name":"","visibility":true,"cameras":[{"defaultSize":true,"defaultViewport":true,"height":0,"viewportBottom":1,"viewportLeft":0,"viewportRight":1,"viewportTop":0,"width":0}],"effects":[]}],"behaviorsSharedData":[]}],"externalEvents":[],"externalLayouts":[],"externalSourceFiles":[]}